{
  "_generated": "Generated by SweetTooth, do not edit",
  "description": "Add or override the brightness slider to change the brightness via an alpha layer (and optionally stop using or cooperate with the exising backlight, if present).\nEither internal, external or all monitors can be dimmed.\nSee the GitHub page for details.\n\nNote that this extension will keep running on the lock screen, as you'd also want the brightness setting to apply to the lock screen as well. Please report on GitHub if this gives you any trouble.\n\nThis extension is a fork of the original 'Soft brightness' extension, and maintains support for new GNOME releases.",
  "gettext-domain": "soft-brightness-plus",
  "name": "Soft Brightness Plus",
  "session-modes": [
    "unlock-dialog",
    "user"
  ],
  "settings-schema": "org.gnome.shell.extensions.soft-brightness-plus",
  "shell-version": [
    "45",
    "46",
    "47"
  ],
  "url": "https://github.com/jkitching/soft-brightness-plus",
  "uuid": "soft-brightness-plus@joelkitching.com",
  "vcs_revision": "v40-3-g937c250",
  "version": 21
}