{
  "_generated": "Generated by SweetTooth, do not edit",
  "description": "Control the Blur Effect On Lockscreen.",
  "donations": {
    "buymeacoffee": "pratappanabaka"
  },
  "name": "Control Blur Effect On Lockscreen",
  "session-modes": [
    "unlock-dialog"
  ],
  "settings-schema": "org.gnome.shell.extensions.control-blur-effect-on-lockscreen",
  "shell-version": [
    "45",
    "46",
    "47"
  ],
  "url": "https://github.com/PRATAP-KUMAR/control-blur-effect-on-lockscreen",
  "uuid": "ControlBlurEffectOnLockScreen@pratap.fastmail.fm",
  "version": 26
}