{
  "_generated": "Generated by SweetTooth, do not edit",
  "description": "Disintegrate your windows with style.",
  "donations": {
    "github": "schneegans",
    "kofi": "schneegans",
    "paypal": "simonschneegans"
  },
  "gettext-domain": "burn-my-windows",
  "name": "Burn My Windows",
  "settings-schema": "org.gnome.shell.extensions.burn-my-windows",
  "shell-version": [
    "45",
    "46",
    "47"
  ],
  "url": "https://github.com/Schneegans/Burn-My-Windows",
  "uuid": "burn-my-windows@schneegans.github.com",
  "version": 44
}