<schemalist gettext-domain="soft-brightness-plus">
  <enum id="org.gnome.shell.extensions.soft-brightness-plus.monitors">
    <value value="0" nick="all"/>
    <value value="1" nick="built-in"/>
    <value value="2" nick="external"/>
  </enum>
  <enum id="org.gnome.shell.extensions.soft-brightness-plus.prevent-unredirect">
    <value value="0" nick="never"/>
    <value value="1" nick="when-correcting"/>
    <value value="2" nick="always"/>
  </enum>
  <schema id="org.gnome.shell.extensions.soft-brightness-plus" path="/org/gnome/shell/extensions/soft-brightness-plus/">
    <key name="use-backlight" type="b">
      <default>false</default>
      <summary>Use backlight control.</summary>
      <description>Use the regular backlight control.</description>
    </key>
    <key name="monitors" enum="org.gnome.shell.extensions.soft-brightness-plus.monitors">
      <default>"all"</default>
      <summary>Monitors.</summary>
      <description>The monitors whose brightness should be adjusted.</description>
    </key>
    <key name="builtin-monitor" type="s">
      <default>""</default>
      <summary>Builtin monitor.</summary>
      <description>The name of the built-in monitor.</description>
    </key>
    <key name="prevent-unredirect" enum="org.gnome.shell.extensions.soft-brightness-plus.prevent-unredirect">
      <default>"when-correcting"</default>
      <summary>Prevent window unredirecting behavior.</summary>
      <description>If set to never, unredirection is never
      prevented. If set to when-correcting, unredirection will be
      prevented when the brightness is not at the maximum setting (and
      an alpha layer is lowering the brightness). If set to always,
      window unredirection will always be prevented when this
      extension is active, allowing tear-free display.</description>
    </key>
    <key name="min-brightness" type="d">
      <range min="0" max="1"/>
      <default>0.1</default>
      <summary>Minimum brightness.</summary>
      <description>Minimum brightness level.</description>
    </key>
    <key name="current-brightness" type="d">
      <range min="0" max="1"/>
      <default>1</default>
      <summary>Current brightness level.</summary>
      <description>The current brightness level.</description>
    </key>
    <key name="clone-mouse" type="b">
      <default>true</default>
      <summary>Mouse cursor brightness control.</summary>
      <description>When enabled, the mouse cursor follows the
      brightness setting. When disabled, the mouse cursor always
      remains at full brightness. Controlling mouse cursor brightness
      can sometimes show the wrong cursor and introduce cursor lag.
      You may want to disable it if you encounter cursor issues.  Note
      that when other Gnome Shell components clone the mouse (like the
      Zoom accessibility feature), this feature may not work correctly,
      or there may be multiple cursors shown on the screen.
      </description>
    </key>
    <key name="debug" type="b">
      <default>false</default>
      <summary>Debugging.</summary>
      <description>Enable debugging for the extension.</description>
    </key>
  </schema>
</schemalist>
