<?xml version="1.0" encoding="UTF-8"?>
<schemalist>
	<enum id="org.gnome.shell.extensions.gnome-ui-tune.mod.increase-thumbnails-size">
		<value nick="100%" value="5"/>
		<value nick="200%" value="10"/>
		<value nick="300%" value="15"/>
		<value nick="400%" value="20"/>
		<value nick="500%" value="25"/>
	</enum>
	<schema id="org.gnome.shell.extensions.gnome-ui-tune" path="/org/gnome/shell/extensions/gnome-ui-tune/">
		<key name="hide-search" type="b">
			<default>true</default>
			<summary>Hide search input</summary>
			<description>Hide search input on overview screen. Search input will be shown when user starts to type-to-search.</description>
		</key>
		<key name="increase-thumbnails-size" enum="org.gnome.shell.extensions.gnome-ui-tune.mod.increase-thumbnails-size">
			<default>'200%'</default>
			<summary>Thumbnails size</summary>
			<description>Increases thumbnails size twice to make them actually usable.</description>
		</key>
		<key name="restore-thumbnails-background" type="b">
			<default>true</default>
			<summary>Restore thumbnails background</summary>
			<description>Use desktop wallpaper for thumbnails background instead of solid grey color.</description>
		</key>
		<key name="always-show-thumbnails" type="b">
			<default>true</default>
			<summary>Always show thumbnails</summary>
			<description>Show workspaces' thumbnails even when there is only single workspace.</description>
		</key>
		<key name="overview-firefox-pip" type="b">
			<default>true</default>
			<summary>Show firefox's Picture-In-Picture window in desktop overview</summary>
			<description>By default, firefox's PiP window (for instance, extracted media player) is not displayed in overview. Fix it.</description>
		</key>
	</schema>
</schemalist>
